<?xml version="1.0" encoding="UTF-8"?>
<project-private xmlns="http://www.netbeans.org/ns/project-private/1">
    <editor-bookmarks xmlns="http://www.netbeans.org/ns/editor-bookmarks/2" lastBookmarkId="0"/>
    <open-files xmlns="http://www.netbeans.org/ns/projectui-open-files/2">
        <group>
            <file>file:/D:/Armaan/AskTheExpert/AskTheExpert/web/ExpertSignUp2.jsp</file>
            <file>file:/D:/Armaan/AskTheExpert/AskTheExpert/web/ExpertSignUp.jsp</file>
            <file>file:/D:/Armaan/AskTheExpert/AskTheExpert/web/ProcessQuestionerSignUp.jsp</file>
            <file>file:/D:/Armaan/AskTheExpert/AskTheExpert/web/QuestionerSignUp2.jsp</file>
            <file>file:/D:/Armaan/AskTheExpert/AskTheExpert/web/QuestionerSignUp.jsp</file>
            <file>file:/D:/Armaan/AskTheExpert/AskTheExpert/web/Home.jsp</file>
        </group>
    </open-files>
</project-private>
